open,high,low,close,volume,datetime
192.85,192.86,192.85,192.86,1416,2023-12-27 12:00:00
192.86,192.86,192.86,192.86,104,2023-12-27 12:01:00
192.85,192.85,192.85,192.85,300,2023-12-27 12:07:00
192.82,192.82,192.82,192.82,111,2023-12-27 12:09:00
192.83,192.83,192.83,192.83,1500,2023-12-27 12:10:00
192.87,192.87,192.87,192.87,300,2023-12-27 12:17:00
192.88,192.88,192.88,192.88,100,2023-12-27 12:20:00
192.85,192.85,192.85,192.85,136,2023-12-27 12:21:00
192.91,192.91,192.91,192.91,100,2023-12-27 12:29:00
192.98,192.98,192.98,192.98,1025,2023-12-27 12:39:00
192.96,192.96,192.92,192.92,380,2023-12-27 12:41:00
192.92,192.92,192.92,192.92,100,2023-12-27 12:43:00
192.92,192.92,192.92,192.92,578,2023-12-27 12:44:00
192.92,192.92,192.9,192.9,238,2023-12-27 12:46:00
192.92,192.93,192.92,192.92,2669,2023-12-27 12:50:00
192.91,192.91,192.91,192.91,295,2023-12-27 12:54:00
192.95,192.99,192.95,192.99,300,2023-12-27 13:00:00
192.96,192.96,192.9252,192.9252,350,2023-12-27 13:02:00
192.95,192.95,192.95,192.95,136,2023-12-27 13:04:00
192.96,192.96,192.96,192.96,300,2023-12-27 13:09:00
192.97,192.97,192.97,192.97,116,2023-12-27 13:10:00
192.98,193.0,192.98,193.0,1348,2023-12-27 13:11:00
192.99,193.0,192.99,193.0,1475,2023-12-27 13:12:00
193.0,193.0,193.0,193.0,152,2023-12-27 13:13:00
193.02,193.03,193.02,193.03,674,2023-12-27 13:14:00
193.0401,193.0401,193.0401,193.0401,500,2023-12-27 13:15:00
193.05,193.05,193.0,193.0,1548,2023-12-27 13:16:00
193.04,193.05,193.04,193.05,512,2023-12-27 13:17:00
193.04,193.05,193.04,193.05,950,2023-12-27 13:18:00
193.04,193.04,193.04,193.04,1278,2023-12-27 13:19:00
193.05,193.05,193.03,193.03,1700,2023-12-27 13:20:00
193.03,193.05,193.02,193.02,700,2023-12-27 13:22:00
193.02,193.02,193.02,193.02,200,2023-12-27 13:23:00
193.02,193.03,193.01,193.03,1122,2023-12-27 13:24:00
193.0299,193.03,193.02,193.02,585,2023-12-27 13:25:00
193.03,193.03,193.0299,193.0299,400,2023-12-27 13:27:00
193.03,193.03,193.03,193.03,2272,2023-12-27 13:29:00
193.03,193.03,193.03,193.03,1450,2023-12-27 13:32:00
193.02,193.02,193.02,193.02,100,2023-12-27 13:33:00
193.02,193.02,193.0,193.0,1300,2023-12-27 13:34:00
193.02,193.02,193.01,193.01,1583,2023-12-27 13:35:00
193.0097,193.0097,193.0,193.0,1252,2023-12-27 13:36:00
192.9767,193.01,192.9767,193.0,329,2023-12-27 13:37:00
193.01,193.01,193.0,193.0,1304,2023-12-27 13:38:00
193.01,193.01,193.0,193.0,650,2023-12-27 13:39:00
193.0,193.0,193.0,193.0,535,2023-12-27 13:40:00
192.971,192.971,192.97,192.97,470,2023-12-27 13:45:00
192.97,192.97,192.97,192.97,176,2023-12-27 13:46:00
192.98,193.0,192.98,193.0,1100,2023-12-27 13:47:00
192.98,192.9996,192.98,192.9996,225,2023-12-27 13:48:00
192.99,193.01,192.99,193.01,2967,2023-12-27 13:49:00
193.01,193.01,193.0,193.0,555,2023-12-27 13:50:00
193.01,193.01,193.0005,193.0005,241,2023-12-27 13:51:00
193.02,193.02,192.99,192.99,816,2023-12-27 13:52:00
192.98,192.98,192.98,192.98,1300,2023-12-27 13:53:00
192.98,192.98,192.97,192.97,866,2023-12-27 13:54:00
192.95,192.95,192.95,192.95,3400,2023-12-27 13:55:00
192.95,192.97,192.95,192.97,4203,2023-12-27 13:56:00
192.96,192.96,192.92,192.92,550,2023-12-27 13:57:00
192.93,192.93,192.92,192.92,1446,2023-12-27 13:58:00
192.9072,192.95,192.9072,192.9133,305,2023-12-27 13:59:00
192.94,192.9883,192.93,192.9883,962,2023-12-27 14:00:00
192.92,192.92,192.92,192.92,229,2023-12-27 14:01:00
192.93,192.93,192.93,192.93,100,2023-12-27 14:02:00
192.99,192.99,192.99,192.99,200,2023-12-27 14:03:00
192.95,192.95,192.95,192.95,155,2023-12-27 14:04:00
192.95,192.95,192.95,192.95,2000,2023-12-27 14:05:00
192.95,192.95,192.95,192.95,522,2023-12-27 14:07:00
192.95,192.95,192.93,192.93,1701,2023-12-27 14:08:00
192.92,192.92,192.92,192.92,358,2023-12-27 14:09:00
192.92,192.93,192.9,192.9,2804,2023-12-27 14:10:00
192.9,192.9,192.9,192.9,3369,2023-12-27 14:11:00
192.9,192.9,192.89,192.89,3880,2023-12-27 14:12:00
192.9,192.93,192.891,192.93,860,2023-12-27 14:13:00
192.93,192.9301,192.93,192.93,2029,2023-12-27 14:14:00
192.95,192.95,192.92,192.93,850,2023-12-27 14:16:00
192.93,192.93,192.93,192.93,125,2023-12-27 14:17:00
192.92,192.93,192.92,192.93,468,2023-12-27 14:18:00
192.93,192.93,192.91,192.93,881,2023-12-27 14:19:00
192.93,192.93,192.93,192.93,1400,2023-12-27 14:20:00
192.9295,192.93,192.9295,192.93,800,2023-12-27 14:21:00
192.91,192.92,192.9,192.9,1950,2023-12-27 14:22:00
192.9,192.9,192.89,192.89,353,2023-12-27 14:23:00
192.8999,192.9,192.8999,192.8999,300,2023-12-27 14:24:00
192.87,192.89,192.76,192.76,6680,2023-12-27 14:25:00
192.75,192.76,192.61,192.62,7057,2023-12-27 14:26:00
192.62,192.65,192.0,192.2,54428,2023-12-27 14:27:00
192.19,192.41,192.17,192.39,21396,2023-12-27 14:28:00
192.38,192.53,192.36,192.43,14904,2023-12-27 14:29:00
192.49,192.8799,192.42,192.75,836851,2023-12-27 14:30:00
192.75,192.85,192.5401,192.705,183340,2023-12-27 14:31:00
192.7,192.7,192.36,192.3899,191332,2023-12-27 14:32:00
192.3901,192.68,192.36,192.59,177602,2023-12-27 14:33:00
192.58,192.63,192.48,192.5742,105286,2023-12-27 14:34:00
192.5703,192.74,192.47,192.731,140216,2023-12-27 14:35:00
192.7368,192.84,192.69,192.79,118200,2023-12-27 14:36:00
192.79,192.8382,192.71,192.823,103664,2023-12-27 14:37:00
192.825,192.8276,192.64,192.77,90132,2023-12-27 14:38:00
192.78,192.78,192.63,192.72,58304,2023-12-27 14:39:00
192.72,192.81,192.66,192.7699,79102,2023-12-27 14:40:00
192.7601,192.79,192.675,192.7624,76129,2023-12-27 14:41:00
192.765,192.78,192.734,192.765,59794,2023-12-27 14:42:00
192.77,192.83,192.77,192.8,61124,2023-12-27 14:43:00
192.8,192.8972,192.8,192.8699,94205,2023-12-27 14:44:00
192.862,192.877,192.74,192.775,88403,2023-12-27 14:45:00
192.7799,192.7799,192.6,192.6401,93291,2023-12-27 14:46:00
192.645,192.69,192.605,192.66,56281,2023-12-27 14:47:00
192.65,192.745,192.65,192.745,51963,2023-12-27 14:48:00
192.75,192.75,192.675,192.679,48361,2023-12-27 14:49:00
192.68,192.69,192.52,192.585,111118,2023-12-27 14:50:00
192.585,192.585,192.49,192.495,65878,2023-12-27 14:51:00
192.4991,192.58,192.48,192.567,75353,2023-12-27 14:52:00
192.565,192.66,192.545,192.645,60818,2023-12-27 14:53:00
192.645,192.72,192.635,192.71,59554,2023-12-27 14:54:00
192.7,192.725,192.625,192.625,63773,2023-12-27 14:55:00
192.63,192.65,192.51,192.6015,63835,2023-12-27 14:56:00
192.605,192.6087,192.54,192.545,90368,2023-12-27 14:57:00
192.545,192.6,192.534,192.56,56309,2023-12-27 14:58:00
192.56,192.6,192.44,192.45,89118,2023-12-27 14:59:00
192.455,192.52,192.37,192.52,97883,2023-12-27 15:00:00
192.515,192.54,192.28,192.29,129516,2023-12-27 15:01:00
192.29,192.345,192.25,192.305,117733,2023-12-27 15:02:00
192.31,192.35,192.274,192.28,91780,2023-12-27 15:03:00
192.27,192.28,192.19,192.21,115147,2023-12-27 15:04:00
192.2051,192.23,192.14,192.205,105253,2023-12-27 15:05:00
192.2001,192.215,192.17,192.185,60220,2023-12-27 15:06:00
192.1899,192.1899,192.09,192.1032,57799,2023-12-27 15:07:00
192.101,192.17,192.1,192.17,54134,2023-12-27 15:08:00
192.165,192.165,192.05,192.065,68032,2023-12-27 15:09:00
192.0601,192.1,192.04,192.0401,88166,2023-12-27 15:10:00
192.04,192.06,191.82,191.87,275505,2023-12-27 15:11:00
191.88,192.0,191.8,191.805,128393,2023-12-27 15:12:00
191.81,191.81,191.56,191.56,263070,2023-12-27 15:13:00
191.56,191.6399,191.445,191.61,263066,2023-12-27 15:14:00
191.61,191.785,191.59,191.7199,138903,2023-12-27 15:15:00
191.71,191.72,191.585,191.659,165796,2023-12-27 15:16:00
191.655,191.715,191.6,191.715,89913,2023-12-27 15:17:00
191.7197,191.72,191.63,191.695,96435,2023-12-27 15:18:00
191.6996,191.77,191.69,191.72,116998,2023-12-27 15:19:00
191.715,191.715,191.54,191.55,114284,2023-12-27 15:20:00
191.56,191.61,191.525,191.6037,91194,2023-12-27 15:21:00
191.61,191.64,191.5302,191.63,88482,2023-12-27 15:22:00
191.635,191.66,191.6,191.645,72542,2023-12-27 15:23:00
191.635,191.64,191.56,191.58,52291,2023-12-27 15:24:00
191.59,191.62,191.55,191.555,53515,2023-12-27 15:25:00
191.56,191.69,191.55,191.6214,91692,2023-12-27 15:26:00
191.625,191.72,191.625,191.71,84632,2023-12-27 15:27:00
191.7023,191.75,191.675,191.69,71894,2023-12-27 15:28:00
191.6899,191.6899,191.62,191.6385,79047,2023-12-27 15:29:00
191.635,191.67,191.5212,191.53,118619,2023-12-27 15:30:00
191.54,191.585,191.5,191.545,101775,2023-12-27 15:31:00
191.55,191.56,191.4816,191.5079,92659,2023-12-27 15:32:00
191.51,191.58,191.39,191.43,129713,2023-12-27 15:33:00
191.42,191.49,191.37,191.381,105306,2023-12-27 15:34:00
191.3802,191.3884,191.15,191.19,255681,2023-12-27 15:35:00
191.19,191.26,191.1,191.11,153499,2023-12-27 15:36:00
191.1108,191.28,191.1,191.27,99157,2023-12-27 15:37:00
191.26,191.4,191.23,191.395,96310,2023-12-27 15:38:00
191.395,191.44,191.38,191.4044,95518,2023-12-27 15:39:00
191.405,191.42,191.29,191.2961,97338,2023-12-27 15:40:00
191.295,191.38,191.291,191.3157,89619,2023-12-27 15:41:00
191.315,191.35,191.27,191.33,50556,2023-12-27 15:42:00
191.33,191.4,191.31,191.3676,55663,2023-12-27 15:43:00
191.36,191.4369,191.36,191.4177,81477,2023-12-27 15:44:00
191.42,191.45,191.395,191.45,58771,2023-12-27 15:45:00
191.44,191.62,191.44,191.585,156322,2023-12-27 15:46:00
191.58,191.58,191.52,191.555,74183,2023-12-27 15:47:00
191.5507,191.6199,191.54,191.61,52591,2023-12-27 15:48:00
191.605,191.64,191.555,191.63,70601,2023-12-27 15:49:00
191.63,191.63,191.52,191.58,60732,2023-12-27 15:50:00
191.58,191.62,191.535,191.5501,33425,2023-12-27 15:51:00
191.56,191.603,191.535,191.55,38002,2023-12-27 15:52:00
191.55,191.5937,191.5302,191.575,41770,2023-12-27 15:53:00
191.58,191.66,191.575,191.6471,73649,2023-12-27 15:54:00
191.645,191.75,191.6399,191.7101,84992,2023-12-27 15:55:00
191.715,191.76,191.71,191.745,85922,2023-12-27 15:56:00
191.745,191.775,191.74,191.755,49502,2023-12-27 15:57:00
191.755,191.755,191.69,191.705,68378,2023-12-27 15:58:00
191.71,191.71,191.65,191.67,76217,2023-12-27 15:59:00
191.6788,191.7,191.58,191.58,47799,2023-12-27 16:00:00
191.585,191.62,191.55,191.585,71311,2023-12-27 16:01:00
191.585,191.6,191.49,191.545,100902,2023-12-27 16:02:00
191.55,191.62,191.545,191.6,46148,2023-12-27 16:03:00
191.6,191.61,191.55,191.605,38127,2023-12-27 16:04:00
191.6,191.64,191.56,191.56,44760,2023-12-27 16:05:00
191.5503,191.635,191.54,191.6017,44416,2023-12-27 16:06:00
191.6,191.6,191.47,191.5,72115,2023-12-27 16:07:00
191.495,191.55,191.48,191.545,39465,2023-12-27 16:08:00
191.54,191.63,191.54,191.58,77837,2023-12-27 16:09:00
191.57,191.5781,191.49,191.5781,29111,2023-12-27 16:10:00
191.571,191.571,191.53,191.55,28271,2023-12-27 16:11:00
191.545,191.565,191.524,191.53,19952,2023-12-27 16:12:00
191.53,191.5489,191.4914,191.495,36060,2023-12-27 16:13:00
191.4975,191.53,191.49,191.51,23833,2023-12-27 16:14:00
191.52,191.53,191.485,191.5,41623,2023-12-27 16:15:00
191.495,191.5,191.44,191.47,79334,2023-12-27 16:16:00
191.48,191.48,191.43,191.48,55992,2023-12-27 16:17:00
191.47,191.48,191.385,191.405,73416,2023-12-27 16:18:00
191.405,191.41,191.38,191.3999,65440,2023-12-27 16:19:00
191.4015,191.4015,191.38,191.395,33227,2023-12-27 16:20:00
191.3932,191.42,191.3701,191.375,79976,2023-12-27 16:21:00
191.3705,191.395,191.36,191.375,37606,2023-12-27 16:22:00
191.37,191.37,191.28,191.285,83160,2023-12-27 16:23:00
191.285,191.3,191.2729,191.285,42591,2023-12-27 16:24:00
191.285,191.29,191.21,191.229,103774,2023-12-27 16:25:00
191.225,191.23,191.12,191.1475,110165,2023-12-27 16:26:00
191.1476,191.17,191.11,191.125,100994,2023-12-27 16:27:00
191.12,191.48,191.09,191.445,250254,2023-12-27 16:28:00
191.45,191.728,191.39,191.6804,343056,2023-12-27 16:29:00
191.68,191.68,191.59,191.671,103055,2023-12-27 16:30:00
191.6789,191.69,191.6,191.6666,171024,2023-12-27 16:31:00
191.665,191.671,191.55,191.585,184091,2023-12-27 16:32:00
191.59,191.66,191.59,191.6282,110660,2023-12-27 16:33:00
191.625,191.655,191.59,191.62,110483,2023-12-27 16:34:00
191.63,191.85,191.62,191.8187,208662,2023-12-27 16:35:00
191.82,191.99,191.7725,191.9501,210036,2023-12-27 16:36:00
191.955,192.0599,191.94,192.01,191966,2023-12-27 16:37:00
192.02,192.03,191.93,191.9799,95492,2023-12-27 16:38:00
191.97,192.0,191.94,191.955,101020,2023-12-27 16:39:00
191.955,191.96,191.84,191.91,190049,2023-12-27 16:40:00
191.915,191.94,191.88,191.915,77985,2023-12-27 16:41:00
191.91,191.92,191.88,191.896,56663,2023-12-27 16:42:00
191.9,191.99,191.89,191.9855,133630,2023-12-27 16:43:00
191.99,191.99,191.928,191.97,70988,2023-12-27 16:44:00
191.97,191.97,191.95,191.96,32958,2023-12-27 16:45:00
191.96,192.07,191.96,192.065,69538,2023-12-27 16:46:00
192.065,192.12,192.04,192.12,99745,2023-12-27 16:47:00
192.1272,192.18,192.115,192.145,98662,2023-12-27 16:48:00
192.15,192.15,192.03,192.0475,67100,2023-12-27 16:49:00
192.0499,192.1,192.02,192.1,76125,2023-12-27 16:50:00
192.095,192.18,192.095,192.125,125102,2023-12-27 16:51:00
192.12,192.145,192.07,192.075,73268,2023-12-27 16:52:00
192.08,192.09,192.03,192.0408,65505,2023-12-27 16:53:00
192.04,192.045,191.935,191.95,66427,2023-12-27 16:54:00
191.96,191.98,191.935,191.98,81945,2023-12-27 16:55:00
191.98,192.09,191.98,192.06,57325,2023-12-27 16:56:00
192.05,192.08,192.03,192.06,30755,2023-12-27 16:57:00
192.065,192.08,192.03,192.04,49402,2023-12-27 16:58:00
192.0699,192.15,192.025,192.1442,55179,2023-12-27 16:59:00
192.15,192.1783,192.1111,192.1441,75767,2023-12-27 17:00:00
192.15,192.18,192.121,192.165,65669,2023-12-27 17:01:00
192.16,192.24,192.16,192.23,84296,2023-12-27 17:02:00
192.2201,192.23,192.16,192.1842,87802,2023-12-27 17:03:00
192.18,192.24,192.13,192.23,196799,2023-12-27 17:04:00
192.23,192.32,192.19,192.31,65341,2023-12-27 17:05:00
192.315,192.315,192.27,192.295,51500,2023-12-27 17:06:00
192.3,192.309,192.245,192.25,36288,2023-12-27 17:07:00
192.2462,192.2462,192.15,192.195,71344,2023-12-27 17:08:00
192.195,192.225,192.145,192.22,46433,2023-12-27 17:09:00
192.22,192.23,192.1947,192.215,36929,2023-12-27 17:10:00
192.215,192.24,192.2049,192.23,28129,2023-12-27 17:11:00
192.2278,192.23,192.19,192.215,34841,2023-12-27 17:12:00
192.2101,192.24,192.21,192.225,34365,2023-12-27 17:13:00
192.225,192.31,192.225,192.275,62157,2023-12-27 17:14:00
192.275,192.33,192.275,192.31,39210,2023-12-27 17:15:00
192.3098,192.32,192.26,192.2991,115228,2023-12-27 17:16:00
192.3,192.37,192.29,192.35,54957,2023-12-27 17:17:00
192.35,192.35,192.2901,192.3166,27007,2023-12-27 17:18:00
192.3199,192.3588,192.3185,192.355,23375,2023-12-27 17:19:00
192.355,192.4,192.3224,192.325,78255,2023-12-27 17:20:00
192.32,192.33,192.26,192.303,52922,2023-12-27 17:21:00
192.3,192.43,192.3,192.4201,78359,2023-12-27 17:22:00
192.43,192.47,192.4115,192.46,75201,2023-12-27 17:23:00
192.4556,192.46,192.3601,192.3601,166862,2023-12-27 17:24:00
192.37,192.4,192.315,192.34,53413,2023-12-27 17:25:00
192.3434,192.45,192.335,192.4427,48038,2023-12-27 17:26:00
192.4449,192.45,192.41,192.43,42399,2023-12-27 17:27:00
192.44,192.53,192.44,192.5,105739,2023-12-27 17:28:00
192.49,192.5,192.46,192.48,43337,2023-12-27 17:29:00
192.475,192.55,192.4701,192.52,73545,2023-12-27 17:30:00
192.52,192.661,192.51,192.6305,97440,2023-12-27 17:31:00
192.635,192.682,192.6,192.65,106807,2023-12-27 17:32:00
192.65,192.655,192.6,192.63,59474,2023-12-27 17:33:00
192.635,192.71,192.635,192.7078,120688,2023-12-27 17:34:00
192.71,192.71,192.66,192.69,52352,2023-12-27 17:35:00
192.69,192.7,192.64,192.68,62376,2023-12-27 17:36:00
192.675,192.6973,192.63,192.68,46888,2023-12-27 17:37:00
192.67,192.68,192.635,192.68,39956,2023-12-27 17:38:00
192.6799,192.6799,192.57,192.6401,63884,2023-12-27 17:39:00
192.65,192.693,192.55,192.5651,87476,2023-12-27 17:40:00
192.56,192.58,192.5001,192.5602,89846,2023-12-27 17:41:00
192.5652,192.575,192.46,192.485,107957,2023-12-27 17:42:00
192.5,192.535,192.48,192.5046,64834,2023-12-27 17:43:00
192.505,192.555,192.49,192.549,46107,2023-12-27 17:44:00
192.545,192.6485,192.5201,192.64,78758,2023-12-27 17:45:00
192.64,192.65,192.551,192.616,37545,2023-12-27 17:46:00
192.615,192.7,192.615,192.695,59936,2023-12-27 17:47:00
192.695,192.75,192.69,192.735,79200,2023-12-27 17:48:00
192.7366,192.75,192.7098,192.7264,73497,2023-12-27 17:49:00
192.7215,192.74,192.66,192.67,59543,2023-12-27 17:50:00
192.675,192.675,192.62,192.6202,32177,2023-12-27 17:51:00
192.63,192.63,192.5401,192.5742,35688,2023-12-27 17:52:00
192.575,192.59,192.55,192.57,30150,2023-12-27 17:53:00
192.5637,192.605,192.5637,192.5899,31214,2023-12-27 17:54:00
192.5801,192.6,192.57,192.59,21819,2023-12-27 17:55:00
192.59,192.61,192.57,192.57,46306,2023-12-27 17:56:00
192.57,192.62,192.56,192.615,49994,2023-12-27 17:57:00
192.616,192.68,192.616,192.645,35039,2023-12-27 17:58:00
192.645,192.65,192.6202,192.64,20520,2023-12-27 17:59:00
192.64,192.705,192.64,192.69,29278,2023-12-27 18:00:00
192.68,192.73,192.68,192.72,43031,2023-12-27 18:01:00
192.7149,192.81,192.685,192.81,119893,2023-12-27 18:02:00
192.8016,192.84,192.7901,192.812,95672,2023-12-27 18:03:00
192.8179,192.88,192.7942,192.83,84715,2023-12-27 18:04:00
192.8297,192.87,192.78,192.8099,90405,2023-12-27 18:05:00
192.81,193.06,192.77,192.92,314238,2023-12-27 18:06:00
192.92,192.97,192.855,192.87,103714,2023-12-27 18:07:00
192.87,193.04,192.855,192.9727,114222,2023-12-27 18:08:00
192.97,192.98,192.9,192.95,73919,2023-12-27 18:09:00
192.95,193.0247,192.93,193.0,64021,2023-12-27 18:10:00
193.0001,193.1,192.84,193.03,157515,2023-12-27 18:11:00
193.04,193.15,192.95,192.9501,158450,2023-12-27 18:12:00
192.955,193.0,192.95,192.99,41542,2023-12-27 18:13:00
192.98,192.99,192.9109,192.9299,42048,2023-12-27 18:14:00
192.93,192.955,192.89,192.935,40554,2023-12-27 18:15:00
192.935,192.96,192.915,192.92,28446,2023-12-27 18:16:00
192.93,192.93,192.79,192.905,154725,2023-12-27 18:17:00
192.9,192.975,192.8801,192.91,43995,2023-12-27 18:18:00
192.91,192.935,192.86,192.91,32721,2023-12-27 18:19:00
192.92,192.9299,192.879,192.88,31149,2023-12-27 18:20:00
192.88,192.88,192.84,192.865,35998,2023-12-27 18:21:00
192.8648,192.91,192.81,192.905,39463,2023-12-27 18:22:00
192.9,192.9068,192.87,192.905,42887,2023-12-27 18:23:00
192.9076,192.92,192.8702,192.91,22909,2023-12-27 18:24:00
192.89,192.925,192.88,192.915,18456,2023-12-27 18:25:00
192.9114,192.915,192.87,192.9,17936,2023-12-27 18:26:00
192.895,192.9966,192.87,192.995,59622,2023-12-27 18:27:00
193.0,193.04,192.975,192.98,80575,2023-12-27 18:28:00
192.9801,192.985,192.94,192.976,47508,2023-12-27 18:29:00
192.979,193.075,192.979,193.065,37682,2023-12-27 18:30:00
193.065,193.065,193.0301,193.06,32444,2023-12-27 18:31:00
193.05,193.06,192.97,193.0199,45709,2023-12-27 18:32:00
193.0101,193.05,193.0,193.05,39808,2023-12-27 18:33:00
193.0423,193.07,193.0301,193.0699,38630,2023-12-27 18:34:00
193.07,193.15,193.07,193.14,56823,2023-12-27 18:35:00
193.135,193.145,193.095,193.111,49896,2023-12-27 18:36:00
193.115,193.12,193.04,193.0699,39983,2023-12-27 18:37:00
193.07,193.125,193.07,193.0801,35243,2023-12-27 18:38:00
193.09,193.12,193.09,193.11,20376,2023-12-27 18:39:00
193.1142,193.1892,193.1101,193.17,67664,2023-12-27 18:40:00
193.175,193.2,193.1544,193.17,41833,2023-12-27 18:41:00
193.175,193.25,193.16,193.25,64666,2023-12-27 18:42:00
193.25,193.27,193.171,193.205,182380,2023-12-27 18:43:00
193.2023,193.28,193.185,193.275,38603,2023-12-27 18:44:00
193.2708,193.32,193.27,193.2971,98336,2023-12-27 18:45:00
193.29,193.3216,193.255,193.3174,46625,2023-12-27 18:46:00
193.315,193.4,193.31,193.355,99150,2023-12-27 18:47:00
193.36,193.43,193.3563,193.4,76600,2023-12-27 18:48:00
193.3901,193.41,193.375,193.4001,39445,2023-12-27 18:49:00
193.4097,193.48,193.4001,193.475,59642,2023-12-27 18:50:00
193.4799,193.48,193.36,193.44,112781,2023-12-27 18:51:00
193.4301,193.46,193.395,193.445,48649,2023-12-27 18:52:00
193.45,193.5,193.45,193.4783,51907,2023-12-27 18:53:00
193.4799,193.49,193.42,193.43,46347,2023-12-27 18:54:00
193.43,193.49,193.405,193.4399,58215,2023-12-27 18:55:00
193.435,193.47,193.4,193.43,45236,2023-12-27 18:56:00
193.425,193.43,193.37,193.39,54030,2023-12-27 18:57:00
193.385,193.41,193.36,193.3944,45426,2023-12-27 18:58:00
193.39,193.4,193.345,193.3818,35306,2023-12-27 18:59:00
193.38,193.38,193.055,193.12,153286,2023-12-27 19:00:00
193.11,193.1899,193.1,193.1667,60286,2023-12-27 19:01:00
193.17,193.17,192.99,192.995,72434,2023-12-27 19:02:00
193.0,193.065,192.96,193.04,89386,2023-12-27 19:03:00
193.0401,193.08,192.93,193.005,93668,2023-12-27 19:04:00
192.995,193.01,192.95,192.98,69054,2023-12-27 19:05:00
192.98,193.085,192.98,193.01,49259,2023-12-27 19:06:00
193.015,193.039,192.99,193.01,34980,2023-12-27 19:07:00
193.005,193.1,192.96,193.09,57978,2023-12-27 19:08:00
193.095,193.1,192.98,193.04,93789,2023-12-27 19:09:00
193.02,193.05,192.92,193.02,69884,2023-12-27 19:10:00
193.01,193.02,192.87,192.9416,77683,2023-12-27 19:11:00
192.95,192.9662,192.79,192.87,78168,2023-12-27 19:12:00
192.865,192.885,192.82,192.88,52844,2023-12-27 19:13:00
192.87,192.88,192.8,192.855,64087,2023-12-27 19:14:00
192.86,192.885,192.805,192.815,31312,2023-12-27 19:15:00
192.81,192.83,192.79,192.815,63445,2023-12-27 19:16:00
192.8159,192.85,192.78,192.83,51563,2023-12-27 19:17:00
192.82,192.88,192.8145,192.87,49602,2023-12-27 19:18:00
192.8799,192.9268,192.85,192.91,74839,2023-12-27 19:19:00
192.91,192.97,192.89,192.895,76994,2023-12-27 19:20:00
192.895,192.93,192.875,192.91,36306,2023-12-27 19:21:00
192.91,192.99,192.89,192.955,63200,2023-12-27 19:22:00
192.955,193.08,192.955,193.055,86120,2023-12-27 19:23:00
193.05,193.06,193.03,193.045,25015,2023-12-27 19:24:00
193.045,193.09,193.02,193.035,45544,2023-12-27 19:25:00
193.035,193.24,192.991,193.195,216859,2023-12-27 19:26:00
193.1999,193.205,193.1,193.11,50215,2023-12-27 19:27:00
193.105,193.15,193.1,193.145,26471,2023-12-27 19:28:00
193.145,193.1699,193.11,193.15,57346,2023-12-27 19:29:00
193.17,193.18,193.09,193.1799,66124,2023-12-27 19:30:00
193.17,193.18,193.15,193.17,40188,2023-12-27 19:31:00
193.17,193.175,193.11,193.145,46557,2023-12-27 19:32:00
193.15,193.24,193.145,193.1999,53303,2023-12-27 19:33:00
193.1987,193.205,193.09,193.15,50862,2023-12-27 19:34:00
193.1516,193.2099,193.1516,193.195,33091,2023-12-27 19:35:00
193.195,193.2,193.1601,193.1802,31622,2023-12-27 19:36:00
193.18,193.2,193.17,193.19,20070,2023-12-27 19:37:00
193.195,193.2,193.155,193.1578,23249,2023-12-27 19:38:00
193.16,193.1899,193.125,193.1299,24568,2023-12-27 19:39:00
193.125,193.125,193.06,193.07,67805,2023-12-27 19:40:00
193.0602,193.1,193.05,193.095,50832,2023-12-27 19:41:00
193.1,193.105,192.935,192.955,174868,2023-12-27 19:42:00
192.955,192.9899,192.92,192.935,23706,2023-12-27 19:43:00
192.93,192.96,192.8903,192.9558,39665,2023-12-27 19:44:00
192.955,193.02,192.92,193.0038,31752,2023-12-27 19:45:00
193.01,193.07,193.01,193.06,35365,2023-12-27 19:46:00
193.055,193.065,193.04,193.065,20599,2023-12-27 19:47:00
193.06,193.06,193.025,193.05,16052,2023-12-27 19:48:00
193.06,193.095,193.045,193.0901,33041,2023-12-27 19:49:00
193.09,193.13,193.05,193.06,36743,2023-12-27 19:50:00
193.06,193.085,192.96,192.98,79037,2023-12-27 19:51:00
192.98,192.98,192.84,192.86,59993,2023-12-27 19:52:00
192.875,192.895,192.84,192.85,47755,2023-12-27 19:53:00
192.85,192.86,192.76,192.82,80150,2023-12-27 19:54:00
192.83,192.85,192.79,192.7994,38235,2023-12-27 19:55:00
192.8,192.89,192.79,192.8883,48046,2023-12-27 19:56:00
192.8884,192.93,192.875,192.9199,44961,2023-12-27 19:57:00
192.914,193.0,192.914,192.971,43864,2023-12-27 19:58:00
192.975,192.9775,192.915,192.92,36612,2023-12-27 19:59:00
192.92,192.96,192.885,192.91,119591,2023-12-27 20:00:00
192.92,192.96,192.89,192.905,51733,2023-12-27 20:01:00
192.91,192.97,192.9,192.97,50608,2023-12-27 20:02:00
192.97,192.99,192.945,192.97,41618,2023-12-27 20:03:00
192.97,193.01,192.95,192.965,42065,2023-12-27 20:04:00
192.9652,192.9799,192.85,192.86,36222,2023-12-27 20:05:00
192.85,192.95,192.845,192.95,43682,2023-12-27 20:06:00
192.94,192.94,192.87,192.88,54354,2023-12-27 20:07:00
192.88,192.95,192.8714,192.92,37905,2023-12-27 20:08:00
192.92,192.92,192.895,192.905,25612,2023-12-27 20:09:00
192.91,192.92,192.86,192.88,26339,2023-12-27 20:10:00
192.88,192.955,192.8601,192.95,48557,2023-12-27 20:11:00
192.95,192.98,192.92,192.9642,38630,2023-12-27 20:12:00
192.96,192.96,192.89,192.94,31628,2023-12-27 20:13:00
192.935,192.935,192.88,192.9,23185,2023-12-27 20:14:00
192.895,193.03,192.88,193.03,75358,2023-12-27 20:15:00
193.02,193.02,192.97,192.9761,44443,2023-12-27 20:16:00
192.98,193.0199,192.965,192.965,30080,2023-12-27 20:17:00
192.965,192.99,192.95,192.965,23702,2023-12-27 20:18:00
192.965,193.02,192.965,193.015,39414,2023-12-27 20:19:00
193.01,193.04,192.99,193.01,34127,2023-12-27 20:20:00
193.005,193.03,192.983,192.985,43832,2023-12-27 20:21:00
192.99,193.01,192.96,192.96,28004,2023-12-27 20:22:00
192.95,192.957,192.915,192.9423,34791,2023-12-27 20:23:00
192.95,192.97,192.91,192.94,34295,2023-12-27 20:24:00
192.9471,192.9471,192.81,192.9214,82265,2023-12-27 20:25:00
192.93,192.945,192.86,192.87,26323,2023-12-27 20:26:00
192.8701,192.91,192.85,192.88,33346,2023-12-27 20:27:00
192.874,192.9,192.855,192.87,34029,2023-12-27 20:28:00
192.865,192.94,192.8501,192.93,27667,2023-12-27 20:29:00
192.93,192.98,192.91,192.9599,64986,2023-12-27 20:30:00
192.955,192.986,192.935,192.935,35974,2023-12-27 20:31:00
192.93,192.962,192.911,192.925,29487,2023-12-27 20:32:00
192.9217,193.0,192.9217,192.995,38889,2023-12-27 20:33:00
193.0,193.02,192.9914,193.005,48510,2023-12-27 20:34:00
193.01,193.025,192.995,193.0106,44890,2023-12-27 20:35:00
193.01,193.1,193.01,193.095,81542,2023-12-27 20:36:00
193.095,193.115,193.07,193.07,92792,2023-12-27 20:37:00
193.075,193.0967,193.05,193.085,76177,2023-12-27 20:38:00
193.08,193.09,193.05,193.0869,38172,2023-12-27 20:39:00
193.085,193.11,193.04,193.095,111672,2023-12-27 20:40:00
193.1,193.12,192.98,193.0044,86432,2023-12-27 20:41:00
192.98,193.02,192.9232,192.945,39643,2023-12-27 20:42:00
192.94,192.9678,192.89,192.94,36664,2023-12-27 20:43:00
192.94,192.98,192.905,192.9075,30247,2023-12-27 20:44:00
192.905,192.94,192.85,192.885,60572,2023-12-27 20:45:00
192.885,192.895,192.82,192.8388,41191,2023-12-27 20:46:00
192.83,192.85,192.77,192.805,80729,2023-12-27 20:47:00
192.805,192.9,192.7829,192.84,62020,2023-12-27 20:48:00
192.85,192.8669,192.82,192.833,69092,2023-12-27 20:49:00
192.84,192.895,192.73,192.78,145910,2023-12-27 20:50:00
192.78,192.98,192.77,192.955,147874,2023-12-27 20:51:00
192.96,192.99,192.87,192.93,102607,2023-12-27 20:52:00
192.93,193.0,192.92,192.94,69994,2023-12-27 20:53:00
192.94,192.94,192.8579,192.86,120785,2023-12-27 20:54:00
192.865,192.98,192.83,192.96,153850,2023-12-27 20:55:00
192.955,193.01,192.915,193.0,151027,2023-12-27 20:56:00
193.01,193.03,192.95,192.97,164086,2023-12-27 20:57:00
192.97,193.1,192.97,192.97,217027,2023-12-27 20:58:00
192.975,193.22,192.975,193.19,1051439,2023-12-27 20:59:00
193.15,193.17,193.12,193.13,6107516,2023-12-27 21:00:00
193.14,193.22,193.14,193.21,4413,2023-12-27 21:01:00
193.2102,193.22,193.21,193.22,5095,2023-12-27 21:02:00
193.21,193.21,193.19,193.19,10857,2023-12-27 21:03:00
193.19,193.23,193.15,193.15,16186,2023-12-27 21:04:00
193.23,193.23,193.15,193.15,10236,2023-12-27 21:05:00
193.1989,193.2,193.16,193.16,4435,2023-12-27 21:06:00
193.17,193.17,193.12,193.15,928,2023-12-27 21:07:00
193.15,193.15,193.13,193.15,954,2023-12-27 21:08:00
193.13,193.13,193.12,193.12,600,2023-12-27 21:10:00
193.1,193.11,193.1,193.11,505,2023-12-27 21:11:00
193.12,193.12,193.12,193.12,100,2023-12-27 21:12:00
193.11,193.12,193.11,193.12,700,2023-12-27 21:13:00
193.1199,193.12,193.1199,193.12,617,2023-12-27 21:15:00
193.11,193.12,193.11,193.12,2782,2023-12-27 21:16:00
193.1103,193.12,193.11,193.11,1165,2023-12-27 21:17:00
193.08,193.08,193.08,193.08,200,2023-12-27 21:19:00
193.15,193.15,193.15,193.15,66282,2023-12-27 21:20:00
193.1,193.1,193.1,193.1,113,2023-12-27 21:22:00
193.09,193.11,193.09,193.1098,400,2023-12-27 21:23:00
193.11,193.11,193.11,193.11,300,2023-12-27 21:24:00
193.11,193.11,193.11,193.11,1300,2023-12-27 21:25:00
193.11,193.11,193.11,193.11,700,2023-12-27 21:26:00
193.11,193.11,193.11,193.11,100,2023-12-27 21:27:00
193.1,193.11,193.1,193.11,200,2023-12-27 21:29:00
193.1,193.1,193.1,193.1,661,2023-12-27 21:31:00
193.12,193.1699,193.12,193.1643,4185,2023-12-27 21:32:00
193.16,193.16,193.16,193.16,100,2023-12-27 21:33:00
193.15,193.15,193.15,193.15,400,2023-12-27 21:34:00
193.15,193.15,193.15,193.15,2230,2023-12-27 21:35:00
193.15,193.15,193.11,193.15,3179,2023-12-27 21:36:00
193.16,193.16,193.16,193.16,972,2023-12-27 21:37:00
193.15,193.15,193.15,193.15,1086,2023-12-27 21:38:00
193.11,193.11,193.11,193.11,100,2023-12-27 21:39:00
193.11,193.11,193.11,193.11,620,2023-12-27 21:40:00
193.11,193.15,193.11,193.15,802,2023-12-27 21:41:00
193.15,193.16,193.15,193.15,1342,2023-12-27 21:42:00
193.15,193.15,193.15,193.15,220,2023-12-27 21:43:00
193.16,193.16,193.16,193.16,100,2023-12-27 21:45:00
193.15,193.15,193.15,193.15,600,2023-12-27 21:46:00
193.15,193.16,193.15,193.16,2095,2023-12-27 21:47:00
193.16,193.16,193.16,193.16,111,2023-12-27 21:49:00
193.15,193.15,193.15,193.15,300,2023-12-27 21:50:00
193.14,193.15,193.14,193.15,1000,2023-12-27 21:52:00
193.1327,193.1327,193.1327,193.1327,150,2023-12-27 21:56:00
193.15,193.15,193.15,193.15,1367,2023-12-27 21:57:00
193.14,193.14,193.13,193.13,300,2023-12-27 21:59:00
193.11,193.11,193.1,193.1,400,2023-12-27 22:00:00
193.1,193.12,193.1,193.12,600,2023-12-27 22:02:00
193.09,193.09,193.09,193.09,100,2023-12-27 22:03:00
193.09,193.12,193.09,193.12,300,2023-12-27 22:04:00
193.1,193.1,193.1,193.1,347,2023-12-27 22:05:00
193.11,193.11,193.11,193.11,402,2023-12-27 22:06:00
193.11,193.11,193.11,193.11,300,2023-12-27 22:07:00
193.08,193.08,193.06,193.07,2243,2023-12-27 22:08:00
193.07,193.07,193.07,193.07,600,2023-12-27 22:09:00
193.07,193.08,193.07,193.08,400,2023-12-27 22:10:00
193.0501,193.11,193.0501,193.1,1601,2023-12-27 22:11:00
193.14,193.14,193.14,193.14,200,2023-12-27 22:12:00
193.15,193.18,193.15,193.18,3855,2023-12-27 22:13:00
193.18,193.18,193.17,193.17,355,2023-12-27 22:15:00
193.15,193.15,193.13,193.13,200,2023-12-27 22:16:00
193.11,193.11,193.11,193.11,100,2023-12-27 22:18:00
193.1,193.1,193.1,193.1,200,2023-12-27 22:19:00
193.13,193.13,193.13,193.13,300,2023-12-27 22:21:00
193.13,193.18,193.13,193.18,3209,2023-12-27 22:22:00
193.15,193.19,193.15,193.19,371,2023-12-27 22:23:00
193.15,193.15,193.15,193.15,100,2023-12-27 22:24:00
193.19,193.2,193.19,193.2,2223,2023-12-27 22:25:00
193.2,193.23,193.2,193.23,1391,2023-12-27 22:26:00
193.2,193.2,193.2,193.2,500,2023-12-27 22:27:00
193.2,193.2,193.2,193.2,550,2023-12-27 22:29:00
193.23,193.23,193.23,193.23,100,2023-12-27 22:30:00
193.22,193.22,193.22,193.22,100,2023-12-27 22:31:00
193.2,193.21,193.2,193.21,1087,2023-12-27 22:32:00
193.1899,193.1899,193.17,193.17,357,2023-12-27 22:33:00
193.22,193.22,193.22,193.22,100,2023-12-27 22:37:00
193.2192,193.2192,193.2192,193.2192,120,2023-12-27 22:40:00
193.21,193.21,193.21,193.21,100,2023-12-27 22:41:00
193.2199,193.22,193.2199,193.22,200,2023-12-27 22:42:00
193.17,193.17,193.17,193.17,100,2023-12-27 22:43:00
193.16,193.22,193.15,193.22,675,2023-12-27 22:44:00
193.18,193.18,193.18,193.18,150,2023-12-27 22:46:00
193.17,193.17,193.17,193.17,100,2023-12-27 22:49:00
193.11,193.11,193.11,193.11,191,2023-12-27 22:50:00
193.1,193.1,193.1,193.1,200,2023-12-27 22:52:00
193.12,193.12,193.12,193.12,300,2023-12-27 22:56:00
193.148,193.15,193.148,193.15,400,2023-12-27 22:57:00
193.1494,193.1494,193.1494,193.1494,100,2023-12-27 22:58:00
193.15,193.15,193.12,193.12,819,2023-12-27 23:00:00
193.14,193.1499,193.14,193.14,800,2023-12-27 23:01:00
193.15,193.15,193.15,193.15,229,2023-12-27 23:02:00
193.1507,193.1954,193.1507,193.1954,400,2023-12-27 23:06:00
193.19,193.19,193.19,193.19,100,2023-12-27 23:08:00
193.17,193.1899,193.17,193.1899,600,2023-12-27 23:09:00
193.1895,193.1897,193.1895,193.1897,600,2023-12-27 23:10:00
193.17,193.17,193.17,193.17,100,2023-12-27 23:14:00
193.15,193.15,193.15,193.15,100,2023-12-27 23:15:00
193.15,193.15,193.15,193.15,210,2023-12-27 23:16:00
193.19,193.19,193.19,193.19,200,2023-12-27 23:18:00
193.154,193.19,193.154,193.19,800,2023-12-27 23:20:00
193.19,193.19,193.15,193.15,300,2023-12-27 23:23:00
193.16,193.16,193.16,193.16,100,2023-12-27 23:31:00
193.16,193.18,193.16,193.18,430,2023-12-27 23:32:00
193.15,193.1501,193.15,193.15,400,2023-12-27 23:34:00
193.15,193.15,193.15,193.15,395,2023-12-27 23:35:00
193.18,193.18,193.18,193.18,200,2023-12-27 23:40:00
193.15,193.15,193.15,193.15,355,2023-12-27 23:41:00
193.14,193.14,193.11,193.14,400,2023-12-27 23:42:00
193.13,193.13,193.13,193.13,100,2023-12-27 23:43:00
193.11,193.14,193.11,193.14,700,2023-12-27 23:44:00
193.11,193.11,193.11,193.11,166,2023-12-27 23:48:00
193.14,193.18,193.14,193.18,1200,2023-12-27 23:50:00
193.19,193.19,193.19,193.19,1164,2023-12-27 23:51:00
193.1895,193.19,193.1895,193.19,314,2023-12-27 23:52:00
193.18,193.18,193.1,193.1,200,2023-12-27 23:54:00
193.1799,193.1799,193.1799,193.1799,100,2023-12-27 23:56:00
193.16,193.16,193.16,193.16,174,2023-12-27 23:57:00
193.18,193.18,193.16,193.16,230,2023-12-27 23:58:00
193.16,193.16,193.16,193.16,100,2023-12-28 00:00:00
193.15,193.15,193.1,193.14,486,2023-12-28 00:01:00
193.15,193.15,193.15,193.15,100,2023-12-28 00:03:00
193.12,193.12,193.11,193.11,300,2023-12-28 00:05:00
193.14,193.16,193.14,193.16,370,2023-12-28 00:09:00
193.15,193.15,193.15,193.15,197,2023-12-28 00:11:00
193.16,193.16,193.16,193.16,500,2023-12-28 00:12:00
193.1597,193.1597,193.1597,193.1597,100,2023-12-28 00:13:00
193.15,193.15,193.15,193.15,345,2023-12-28 00:15:00
193.1496,193.15,193.1496,193.15,500,2023-12-28 00:23:00
193.15,193.15,193.15,193.15,794,2023-12-28 00:24:00
193.18,193.18,193.18,193.18,600,2023-12-28 00:26:00
193.15,193.15,193.12,193.12,291,2023-12-28 00:28:00
193.16,193.16,193.16,193.16,100,2023-12-28 00:29:00
193.16,193.16,193.16,193.16,200,2023-12-28 00:30:00
193.18,193.18,193.18,193.18,100,2023-12-28 00:34:00
193.18,193.18,193.18,193.18,200,2023-12-28 00:36:00
193.18,193.18,193.18,193.18,650,2023-12-28 00:40:00
193.16,193.16,193.16,193.16,284,2023-12-28 00:42:00
193.19,193.19,193.19,193.19,272,2023-12-28 00:43:00
193.19,193.19,193.19,193.19,100,2023-12-28 00:44:00
193.18,193.18,193.18,193.18,200,2023-12-28 00:45:00
193.2,193.2,193.2,193.2,532,2023-12-28 00:46:00
193.2,193.2,193.2,193.2,100,2023-12-28 00:47:00
193.18,193.2,193.18,193.2,383,2023-12-28 00:48:00
193.21,193.21,193.21,193.21,100,2023-12-28 00:50:00
193.21,193.21,193.2,193.2,309,2023-12-28 00:51:00
193.22,193.22,193.22,193.22,321,2023-12-28 00:52:00
193.21,193.22,193.21,193.22,449,2023-12-28 00:53:00
193.2,193.2,193.2,193.2,270,2023-12-28 00:54:00
193.22,193.22,193.21,193.21,200,2023-12-28 00:56:00
193.2098,193.2098,193.18,193.18,531,2023-12-28 00:57:00
193.18,193.18,193.1599,193.16,3340,2023-12-28 00:58:00
193.1599,193.1794,193.1599,193.1794,500,2023-12-28 00:59:00
